Competition	Year
2009 Bulgaria Open	2009
USC Invitational	2009
Southern Cal Invitational	2009
2009 Iowa Swimming Summer State	2009
2009 Bulgaria Boys Girls Senior Youth	2009
2009 Bulgaria Boys Girls Junior	2009
2010 Speedo Champions Series - Athens	2010
2010 Junior National Championships	2010
2010 Speedo Champions Series - California	2010
2010 YMCA Long Course Nationals	2010
2010 Speedo Champions Series - Mt. Hood	2010
2010 Speedo Champions Series - Gainesville (Best Times)	2010
Last Chance Meet: Mountain West Conference	2010
2010 Speedo Champions Series - Minneapolis	2010
Last Chance Meet: Georgia - Long Course	2010
2010 Speedo Champions Series - Columbia	2010
2010 Bulgaria Men Women	2010
2010 Bulgaria Boys Girls Youth	2010
Last Chance Meet: Ohio State - LC	2010
UALR vs. North Texas, Henderson State	2010
2010 Bulgaria Boys Girls Junior Summer	2010
2010 Bulgaria Detsa Summer	2010
2011 Speedo Sectionals - Fresno, CA	2011
2011 USA Swimming Junior Nationals	2011
2011 Speedo Sectionals - Indianapolis, IN	2011
2012 AT&T National Championships (18 & Unders)	2011
Missouri Grand Prix (College Teams Only)	2011
Tennessee Invitational	2011
2011 Speedo Sectionals - Fort Lauderdale, FL	2011
2011 Speedo Sectionals - Oklahoma City	2011
2011 Bulgaria Men Women	2011
Pittsburgh Invitational	2011
Florida vs. Georgia	2011
Michigan State vs. Cleveland State, Oakland	2011
MWC Last Chance Meet - Long Course	2011
Navy vs. American, Bucknell, Lafayette	2011
Cal Poly vs. UC-San Diego	2011
2011 Bulgaria Boys Girls Youth	2011
2011 Bulgaria Junior	2011
Loras vs. East Carolina	2011
2011 Bulgaria Detsa	2011
USA Olympic Team Trials	2012
Victorian Winter Championships	2012
2012 Speedo Junior National Championships (LCM)	2012
2012 YMCA Long Course Nationals	2012
Victorian Age Championships	2012
2012 United States Olympic Team Trials - 18 & Under	2012
2012 NCSA Jr National Championships - Meters	2012
2012 Speedo Champions Series - Fairfax, VA (18 & Under)	2012
Florida vs. Auburn	2012
2012 Speedo Champions Series - Federal Way, WA (18 & Under)	2012
2012 Speedo Champions Series - Columbia, MO	2012
2012 Speedo Champions Series - Santa Clarita, CA	2012
2012 Speedo Champions Series - Greensboro, NC (18 & Under)	2012
2012 Speedo Champions Series - Iowa City	2012
2012 Speedo Champions Series - College Station, TX (18 & Under - Meters Only)	2012
Princeton Olympic Trials Qualifying Meet	2012
2012 Speedo Champions Series - Jenks, OK	2012
2012 Speedo Champions Series - Orlando, FL (18 & Under)	2012
2012 United States Olympic Team Trials - 18 & Under Time Trials	2012
2012 Speedo Champions Series - Pleasant Prairie, WI	2012
2012 Speedo Champions Series - Shenandoah, TX	2012
2012 Speedo Champions Series - Fort Lauderdale (18 & Under Results)	2012
USA Swimming Grand Prix - Missouri (18 & Under Times)	2012
2012 Bulgaria Men Women	2012
Mountain West Conference Long Course Invitational	2012
2012 Speedo Champions Series - Gresham, OR	2012
2012 Speedo Champions Series - Oxford, OH	2012
2012 Speedo Champions Series - Buffalo, NY (18 & Under Results)	2012
2012 Bulgaria Boys Girls Youth	2012
MT MAC Firecracker Classic	2012
2012 Bulgaria Boys Girls (13-14)	2012
2012 Bulgaria Detsa	2012
FINA World Championships	2013
15th FINA WORLD CHAMPIONSHIPS	2013
2013 U.S. Open Swimming Championships	2013
2013 USA Swimming Junior National Championships	2013
2013 Speedo Champions Series LCM - Athlens, GA	2013
2013 Speedo Champions Series LCM - Orlando	2013
2013 U.S. Open (18 & Under)	2013
2013 Speedo Champions Series LCM - Minneapolis, MN	2013
2013 Speedo Champions Series LCM- Santa Clarita, CA	2013
2013 Speedo Champions Series LCM - Oxford, OH	2013
2013 Speedo Champions Series LCM - Columbia, MO	2013
2013 Speedo Champions Series LCM - Buffalo	2013
2013 NCSA Junior National Championships	2013
2013 Speedo Champions Series - Fort Lauderdale, FL	2013
2013 YMCA LC Nationals - Atlanta	2013
2013 Speedo Champions Series - Geneva, OH	2013
2013 Speedo Champions Series - Gresham, OR	2013
Delta State Christmas Invitational	2013
2013 VIrginia LSC Championships - LCM	2013
Saint Marys College of Maryland vs. Mary Washington	2013
2013 Speedo Champions Series - Buffalo, NY	2013
Copa Coqui	2013
Frostburg State vs. York (PA)	2013
2014 Phillips 66 National Championships	2014
2014 Arena Grand Prix - Mesa	2014
2014 Speedo Champions Series LCM - Oxford, OH	2014
2014 Speedo Junior National Championsips	2014
2014 Speedo Champions Series - Plantation, FL	2014
2014 Speedo Champions Series LCM - Clovis, CA	2014
2014 Speedo Champions Series LCM - Greensboro, NC	2014
2014 Speedo Champions Series LCM - Iowa City, IA	2014
2014 Speedo Champions Series LCM - Columbia, MO	2014
2014 Speedo Junior National Time Trials	2014
2014 Speedo Champions Series LCM - Mt. Hood, OR	2014
2014 YMCA Long Course National Championships	2014
Victorian Age Championships	2014
2014 Speedo Champions Series LCM - Buffalo, NY	2014
2014 Florida Swimming Summer LC Championships	2014
2014 North Carolina Swimming Summer LC Championships	2014
Western Zone Senior Championships	2014
2014 NCSA Junior National Championships	2014
2014 Speedo Champions Series - Buffalo, NY	2014
2014 Oregon LC Championships	2014
European Junior Swimming Championships Dordrecht	2014
2014 NBAC Mid-Summer Classic	2014
2014 South Texas End of School Invite	2014
2014 Speedo Champions Series LCM - Orlando, FL	2014
2014 NCSA Junior National Time Trials	2014
Clarkson vs. Saint Michaels	2014
Eastern Zone Age Group Championships	2014
Delta State Invitational	2014
AD Long Course Championships	2014
2014 Illinois / Indiana Summer Spectacular	2014
Swiss Junior Championships	2014
2014 Gulf Open Water Swimming	2014
16th FINA World Championships - Kazan, Russia	2015
2015 Phillips 66 National Championships	2015
2015 Fina World Cup Meet - Paris	2015
2015 Fina World Cup Meet - Chartres	2015
2015 AT&T Winter National Championships	2015
2015 FINA World Junior Swimming Championships	2015
2015 AT&T Winter Championships (College)	2015
Tennessee Invitational	2015
2015 Speedo Junior National Championships	2015
Southern Zone Senior Championships	2015
2015 Speedo Championship Series - Orlando, FL	2015
2015 Ca Kevin Perry Senior Invitational	2015
Georgia Tech Long Course Invitational	2015
2015 Georgia Tech Long Course Invitational	2015
2015 Phillips 66 National Championships Time Trials	2015
2015 Speedo Champions Series - Columbia, MO	2015
2015 AZ Arizona Long Course Senior State	2015
Hoosierland Invitational	2015
2015 Hoosierland Closed Invita	2015
2015 Cincinnati Marlins TYR Sport Summer Classic	2015
Georgia Tech Last Chance Meet	2015
Florida vs. Georgia	2015
Indiana vs. Wisconsin	2015
Ohio State Invitational	2015
2015 NCSA Junior Nationals	2015
2015 Speedo Championship Series- Minneapolis	2015
Texas vs. Florida, Indiana - LCM	2015
2015 OH Central Zone Section 3	2015
2015 Speedo Champions Series - Plantation, FL	2015
2015 Speedo Champions Series LC - Buffalo	2015
2015 Futures Championships - West (Mount Hood)	2015
2015 YMCA Long Course National Championship	2015
Georgia Invitational	2015
Irish Open Swimming Championships	2015
2015 Speedo Champions Series - Gresham, OR	2015
Total Performance Invitational	2015
2015 Speedo Junior National Championships - Time Trials	2015
2015 Georgia Senior Long Course State Championships	2015
2016 NCSA Summer Junior Nationals	2015
2015 NCSA Junior National Championships	2015
2015 Speedo Champions Series - Indianapolis	2015
2015 FL Summer Senior Championships	2015
2015 Futures Championships - Central (West Lafayette)	2015
2015 Futures Championships - Central (West Lafayette) Time Trials	2015
Delta State Christmas Invitational	2015
2015 Niagara Long Course Classic NI-1415-230	2015
Art Adamson Invitational	2015
2015 Speedo Champions Series - College Station	2015
2015 Futures Championships - East (Greensboro)	2015
2015 Middle Atlantic LC Senior Championships	2015
2015 Speedo Winter Junior Nationals - East - LCM Time Trials	2015
2015 Speedo Winter Junior Nationals - East - Time Trials	2015
2015 Victorian Age Championships	2015
2015 Speedo Champions Series - Indianapolis Time Trials	2015
2015 Speedo LCM Champions Series - Austin, TX	2015
2015 Speedo Champions Series - Ithaca, NY	2015
2015 PN Pacific Coast	2015
Purdue Invitational - LCM Time Trials	2015
Eastern Zone Senior Championships	2015
Navy LC Invitational	2015
Pittsburgh Invitational	2015
2015 Hoosierland Time Trials	2015
Gulf Senior Zone Championships	2015
Speedo Winter Juniors 2015 Austin LCM time trials - Dec 13, 2015	2015
2015 CO CSI LC State Champions	2015
2015 OH OSSC Peppe Bruce Invit	2015
2015 AM LC Team Pittsburgh Junior Olympics	2015
2015 HI Senior FALL Championsh	2015
2015 South Carolina LC Senior State Championships	2015
2015 NASA Junior National Cham	2015
MLC Aquatic Long Course Meet F	2015
European Games	2015
2015 Wisconsin Senior State Championships	2015
Dallas Mustangs Senior Circuit #1	2015
Western Zone Senior Time Trials	2015
2015 Illinois Senior Champs LCM	2015
2015 Speedo Champions Series - Far West	2015
ACC Long Course Time Trials	2015
Eastern Zone Senior Championships - Time Trials	2015
Copa Coqui Invitational	2015
Internationales Weihnachtsschwimmen	2015
Cleveland State Splash Bash	2015
2015 Oklahoma State Long Course Championships	2015
Surrey Park Long Course Meet 2	2015
2015 PC Speedo Adam Szmidt Memorial LC Junior Olympics (TERA)	2015
AD Long Course Championships Colgate	2015
7th Annual Rainbow Aquatics Meet	2015
Victorian Qualifying Meet	2015
RZW: Regionale Meisterschaften	2015
2016 Olympic Games	2016
2016 United States Olympic Trials	2016
2016 NOVAQUATICS – SPEEDO GRAND CHALLENGE	2016
2016 Arena Pro Swim Series at Charlotte	2016
2016 Road To Rio Meet	2016
Arena European Junior Swimming Championships	2016
Arena Pro Swim Series Indianapolis	2016
U.S. Open	2016
Western Zone Sectionals	2016
Speedo Summer Junior National Championships	2016
New Zealand Open Championships	2016
Southern Premier Championships	2016
Arena Pro Swim Series (College Results)	2016
Speedo Champions Series (Roseville)	2016
Omaha cup	2016
Florida vs. Auburn	2016
Alabama vs. Tennessee	2016
Atviras Lietuvos plaukimo čempionatas	2016
Victorian Open Championships	2016
XXI Caribbean Islands Swimming Championships 2016, Nassau Bahamas	2016
Speedo Champions Series (Columbia)	2016
2016 Speedo Champions Series (Plantation)	2016
2016 Speedo Championship Series Meet- Buffalo	2016
2016 CA TYR/MVN Fran Crippen Swim Meet of Champions	2016
2016 Speedo Champions Series (College Station)	2016
Orlando Open	2016
Pacific Northwest Senior State LCM Championships	2016
Speedo Champions Series (Mount Hood)	2016
2016 Senior Metropolitan SCY Winter Championships	2016
OH OSSC Long Course Time Trial	2016
Speedo Champions Series (Orlando)	2016
Indiana Senior LCM State Championships	2016
2016 Speedo Champions Series (Federal Way)	2016
MR Senior Metropolitan LC	2016
2016 Speedo Champions Series (Geneva)	2016
Gulliver Long Course Invitatio	2016
2016 Speedo Champions Series (Jenks)	2016
2016 Speedo Sectionals Championship Series	2016
2016 NCSA Spring Championship	2016
2016 OH CATS Bearcat Summer Invitational	2016
Speedo Sectionals - Columbus	2016
Speedo Champions Series (Brown Deer)	2016
2016 USA Swimming Olympic Trials - Time Trials	2016
Husky Invitational	2016
2016 NAC Speedo Summer Sizzler	2016
Middle Atlantic LC Sr Champs	2016
Swedish Grand Prix	2016
2016 Speedo Champions Series (Nashville)	2016
USA Swimming Futures Championships (Stanford)	2016
2016 Victorian Sprint Champion	2016
OSSC Peppe/Bruce Memorial	2016
2016 Speedo Champions Series (Pleasant Prairie)	2016
2016 HI Senior LC Championship	2016
USA Swimming Futures Championships (Austin)	2016
Tar Heel State Championships	2016
Purdue LCM Time Trial	2016
2016 SPEEDO SECTIONALS AT SPIRE INSTITUTE	2016
GULF CHAMPS TWST	2016
2016 LA TAQ Summer Classic	2016
2016 The Last Chance Invitational	2016
ST TXLA LC STAGS	2016
EZ LCM Sectionals (Southern Region)	2016
NCSA Summer Swimming Championship	2016
YMCA Long Course National Championships	2016
Southern Zone Senior Championships	2016
Hawaiian Swimming Age Group LCM Championship	2016
EMU Men's Last Chance Meet-LC	2016
2016 Indiana Spring Senior State Champioship	2016
Florida Swimming Senior LCM Championships	2016
Speedo Champions Series (Austin)	2016
2016 FL All-Florida Sr. Circuit GCST	2016
2016 NCSA Spring Championship Time Trials	2016
2016 CA SCS/RAA Summer J.O. Championships	2016
2016 MN AQJT Aquajets Summer Invitational	2016
Rose Bowl Post-CIF LCM Invitational	2016
Eastern Zone Senior Long Course Championship	2016
2016 Dolfin Junior National Championship Cup	2016
ECAC Long Course Invitational	2016
Georgia Senior State LCM Championship	2016
2016 SO CAL June Age Group Invitational	2016
FL SFTL International	2016
Delta State Christmas Invitational	2016
Louisiana Long Course State Championships	2016
North Carolina Long Course Senior Championship	2016
2016 Florida Gulf Senior LCM Championships	2016
Colorado LCM State Championships	2016
Southern Zone Age Group Championships	2016
Lake Erie Senior Championships	2016
BAC CeraVe Invitational	2016
Irish Long Course Championships 2016	2016
Wisconsin 13 & Over Long Course State Championship	2016
Eastern Zone Championships	2016
Cornell vs. Yale	2016
Western Zone Senior Championships	2016
Minnesota Senior State LCM Championships	2016
67th Annual Husky Invitational (College Results)	2016
Southeastern LCM Championships	2016
North American Challenge	2016
2016 ST ASC Tax Refund Round U	2016
Niagara LSC LCM Championships	2016
Illinois Senior LCM Championships	2016
2016 ST CBA Schlotsky's Summer	2016
SPA - JULY 1,2,3 2016	2016
OH AP SWOYSL LC Championships	2016
South Carolina State LCM Championships	2016
Maryland LCM State Championships	2016
Adirondack Long Course Championships	2016
2016 ST TXLA Long Course Kick Off	2016
2016 CO Grand Junction Invite	2016
CA MISSION VIEJO SUMMER J	2016
MN HOP Long Course Qualif	2016
2016-2017 Southland Long Cours	2016
2016 Nunawading Long Course Me	2016
PV LC 14&U Championships	2016
2016 CM TYR Summer Classic	2016
Air Capital Classic	2016
2016 PV Machine Long Course Cl	2016
Michigan State vs. Iowa, Notre Dame	2016
2016 ST AAAA NS George Block Invitational	2016
2016 PV SNOW LC Spring Classic	2016
MT MAC Firecracker Classic	2016
Texas Age Group Swimming Long Course Championships	2016
2016 OH CM Pepsi Cola Spring I	2016
Colgate vs. Boston University	2016
YMCA LCY Nationals - TIme Trials	2016
MT Summer LC State Champi	2016
2016 SI CAST 11 & OVER AB MEET	2016
Arkansas State Championsh	2016
MR Metro Junior Olympics	2016
2016 AAAA LC #2 Unclassified	2016
2016 LD Champs	2016
1st Cyprus International Masters Swim Meet	2016
2016 Spring Splash Invitationa	2016
2016 Alaska Senior Champs	2016
Merlion Sprint Festival 2016	2016
EFSL Championships 2016	2016
2016 Thunderbolt June Open	2016
Third Coast Invitational hosted by PEAK	2016
Ohio State Invitational	2016
17th FINA World Championships	2017
2017 Hancock Prospecting Australian Championships	2017
Phillips 66 Summer National Championships	2017
Arena Pro Swim Series - Atlanta	2017
6th FINA World Junior Championships	2017
Swimcup Eindhoven	2017
SA National Aquatic Championship	2017
2017 Arena Pro Swim Series - Austin	2017
Arena Pro Swim Series Austin	2017
Arena Pro Swim Series - Indianapolis	2017
2017 Arena Pro Swim Series	2017
Arena Pro Swim Series - Santa Clara	2017
GHF Australian Age Swimming Championships	2017
MR Speedo Junior National Championships	2017
Eric Namesnik Memorial Invitational	2017
Victorian Open Championships	2017
Arena Pro Swim Series - Mesa	2017
2017 Canadian Swimming Championships	2017
CA Speedo Grand Challenge	2017
KZNA Premier Champs & Commonwealth Trials	2017
Fran Crippen Swim Meet of Champions LCM	2017
NJ SCAR AND NJ SWIMMING SENIOR STATES	2017
NC MAC Charlotte Ultraswim	2017
NCSA Summer Champioships	2017
2017 Canadian Junior Championships	2017
SE TNAQ LONG COURSE INVITATIONAL	2017
2017 Otvoreno prvenstvo Srbije	2017
2017 NZ Age Group Championship	2017
XXX CCCAN Swimming Championshi	2017
VI Commonwealth Youth Games	2017
Virginia Swimming LC Senior Championships	2017
Los Angeles Invitational	2017
GU AGS Senior Circuit #2	2017
Letnje prvenstvo Srbije za juniore i u apsolutnoj konkurenciji 2017	2017
Southern Senior Sectionals Championships	2017
New England Senior Championships	2017
SNOW Long Course Invitational	2017
NT DM Senior Circuit #1 LC Meet	2017
Indiana Senior State Championships	2017
USA Swimming Futures Championships (Tennessee)	2017
USA Swimming Futures Championships (Santa Clara)	2017
Speedo Champions Series - California-Nevada	2017
SE Richard Quick Invitational	2017
Southern Zone Long Course Sectional Championships	2017
WI 13 & Over LCM State Championships	2017
Speedo Champions Series - Columbus	2017
Mike Peppe-John Bruce Memorial	2017
Southern Zone South Sectional Championship	2017
Sunsmart End of summer Sensati	2017
2017 Canada Games Swimming	2017
USA Swimming Futures Championships (Ohio)	2017
Victoria LC Age Championships	2017
GA Senior State Championship	2017
Missouri Valley Swimming LCM Championships	2017
Aquatica Summer Splash	2017
2017 HFMF New Years Challenge	2017
PC Far Western Long Course Championships	2017
Long Course Far Western Championships	2017
2017 Canadian Western Swimming Champtionships	2017
Speedo Sectionals - Central - Indianapolis	2017
Summer Superleague LC Championships	2017
2017 LC Distance Competition	2017
Langbahn-Schweizermeisterschaft	2017
Southeastern LCM Championships	2017
Louisiana Long Course State Championship	2017
2017 Swim BC Senior Open	2017
NJ BAC Memorial Day Meet	2017
Arena Grand Challenge	2017
Western Zone Senior Championships	2017
OR Speedo Western Region Sectional Championships	2017
LCY NATS BOTH	2017
NJ BAC Cerave Long Course Invitational	2017
USA Swimming Futures Championships (Austin)	2017
Illinois Swimming Senior Championships	2017
GU TWST Senior Invite	2017
Speedo Champions Series - Minneapolis	2017
ISCA Summer Seniors Championships	2017
Florida Swimming Senior LCM Championships	2017
AZ Speedo Arizona Invitational	2017
La Mirada Armada April Senior LC Invitational	2017
Southern Zone Senior Championships	2017
2017 Summer LC Provincial Cham	2017
FGC Senior Championships	2017
2017 Canadian Eastern Swimming Championships	2017
Speedo Sectionals - Southern - Plantatioin	2017
CA SCS/RMDA JUNE AGE GROUP	2017
Long Course Texas Age Group Championship	2017
Senior Circuit Long Course Championships	2017
Sr. LCM Sectional Qualifer	2017
British Columbia AAA Long Course Championships	2017
PVS LC Senior Championships	2017
Eastern Zone Age Group Championships	2017
MN NSAC Heat of the Summe	2017
FL CAT Al Soltis Memorial Meet	2017
Senior Metropolitan Championships	2017
Eric Namesnik Memorial Swim Meet	2017
SCS Summer Junior Olympics	2017
Arizona Long Course Senior State Championships	2017
Niagara Long Course Championships	2017
CA GWSC day after CIF	2017
PNS Senior LC Championships	2017
OH CM TYR Sport Summer Classic	2017
WI LAKE Western Great Lakes Open	2017
CO CAC CSI LC Open	2017
Lake Erie Senior LC Champs	2017
MD NAAC Carol Chidester Elite LCM Meet	2017
FL SYS Memorial Meet	2017
Southern Zone Age Group Championships	2017
North American Challenge Cup	2017
Eastern Zone Senior Championships	2017
Middle Atlantic Senior LC Championship	2017
RZW: Regionale Meisterschaften	2017
WDSC Long Course Premier Meet	2017
XXXII Carifta Swimming Champio	2017
Gulliver Senior Invitational	2017
CO CSI Senior LC State Championships	2017
LC Open	2017
Kentucky 13 & Over LCM State Championships	2017
Swiss Championships	2017
Utah LC Championships	2017
FG GRSC Summer Invite	2017
FG SFTL International Classic	2017
MD NBAC Long Course Championship	2017
South Carolina LCM State Championships	2017
Sandbox Invitational	2017
LC Gulf Senior Champs	2017
Florida Age Group Championships	2017
AZ Long Course Age Group State Championships	2017
Calvin Summer Classic	2017
Montana Long Course State Championships	2017
Central Zone Age Group Championships	2017
Diplomat May Maelstorm	2017
Speedo Champions Series - Lincoln, NE	2017
MN FOXJ Long Course Championship	2017
SPA'S SEMINOLE SUNRISE LANES I	2017
Prairie Winter International 2	2017
2017 Otago Canterbury Champion	2017
2017 London Swimming Regional Championships	2017
ST AAAA Northside George Block Invitational	2017
Speedo Sectionals - Eastern - Buffalo	2017
Southern California Swimming June Age Group Invitational	2017
NC LC AG Championships	2017
AZ Phoenix Summer Invitational	2017
PNSC Easter Meet 2017	2017
CA GWSC/SCS Senior Region	2017
NJ EEX Jeffrey S Mace Memorial Summer	2017
OH MAKO LC Junior Olympic	2017
MD LSC LC Championship Meet	2017
MI 13/14 & Open LCM State Meet	2017
Georgia Age Group LCM State Championship	2017
Golden West Senior Meet	2017
CA SCS Summer JO at Santa Clarita	2017
LE Jerry Holtrey Summer Invite	2017
Cactus Classic	2017
SI LC Junior Olympics	2017
CA SCS Summer JO at Riverside	2017
MN AQJT Aquajets Summer I	2017
NE HARV 11-14 AG CHAMPIONSHIPS	2017
PEAK LC May Open Meet	2017
WDSC Long Course "No Frills" Invitation Meet	2017
OSI 11 & Over Championships	2017
HI Age Group LCM Champion	2017
MSI Long Course State Cha	2017
Missoula Firecracker	2017
Wilton Wahoos Summer Invitational	2017
CO JH Summer Invite	2017
Mid-Summer Dash	2017
Frost Bank Invitational	2017
MD NBAC Mid Summer Classic	2017
FGC Junior Olympics Long Course	2017
ST TXLA Texas Open	2017
NC HPSC Tar Heel State	2017
CA Buena/SCS - June Age Group Champs	2017
GU FCST Summer Splash	2017
MD NBAC Spring LC Invitation	2017
Reykjavik International Games	2017
ST TXLA Longhorn Aquatics 11 & Over	2017
Falfin Long Course Invitational	2017
OH Swimming LC Senior Championships (Tim Meyers)	2017
MI Club Wolverine Summerf	2017
FL BSS TYR Summer Classic	2017
MT BOZ May Classic	2017
PC PLS Long Course Senior Open	2017
Campeonatos de Inverno de Lisboa	2017
2017 Eastern Ontario LC Region	2017
PVS LC Age Group Championships	2017
AZ DTAC June ABC Meet	2017
MI OLY Summer Classic	2017
Dr. Ralph Hicken Swim Internat	2017
89th Ohio valley championship	2017
South Texas Age Group (STAGS) LC Championship	2017
ST AAAA Alamo FiestAAAA	2017
MR LIE June Jamboree	2017
AAU Junior Olympics	2017
Robert F. Busbey Invitational	2017
Adirondack Long Course Championships	2017
NJ HACY LC Silver/Bronze Championships	2017
U.S. Open Time Trials	2017
35. Internationales Hi-Point Meeting	2017
Phillips 66 National Championship Time Trials	2017
2017 Zonal Championships	2017
Denver LCM Pentathlon	2017
SE GPAC Tom Lalor Invitatational	2017
Victorian Sprint Championships	2017
New Zealand Secondary School Champs	2017
CA ROSE Everything Coming Up Roses	2017
MN MFLY Friday Night Flig	2017
FAST FEBRUARY LC CLOSED INVITATIONAL	2017
Hamilton Aquatics Winter Long	2017
GO Kingfish Gee-Gees Invite 20	2017
MN HOP Spring Opener	2017
New South Swimming Invitational	2017
MLC Aquatic State Race Practic	2017
AZ Phoenix Spring Invitational	2017
Oahu grand prix	2017
GA SCAT Sizzlin Summer Invitational	2017
MR Long Course Junior Olympics	2017
LC FISH Derby	2017
2017 Ontario Launch into Long	2017
NT LAC Bil Nixon	2017
Welcome to Long Course 2017	2017
IA CRAA Long Course Kick Off	2017
2017 Maine International Championship	2017
GU Long Course Age Group Championships	2017
Merlion Sprint Festival 2017	2017
NC WAVE Sprint Into Spri	2017
GO Kingfish Polar Plunge 2017	2017
2017 Nunawading Long Course Me	2017
GA Kevin Bacon Invite	2017
2017 Festival of Spring	2017
NC NCAC Tarheel States Long Course Invitational	2017
IL YMCA LC State Championship	2017
OH AP BASH PCY Summer Classic	2017
Swim BC AA Championship	2017
Cannonball Classic	2017
PN VAST Summer Sprints	2017
Distance-Sprint Meet	2017
39th Annual Seahawk Invitation	2017
Aggieland April Open	2017
OH OSSC Spring into Summer Splash	2017
Meet on the hill	2017
MP Closed Senior Meet	2017
MD NCAP Invite	2017
FG POMP Jesse Vassallo Invite	2017
Sarasota Sharks Open	2017
IL AGE GROUP LC CHAMPIONSHIPS	2017
Speedo Sectional Time Trials	2017
June Gulf Open Meet	2017
WI PX3 July Invite	2017
TWST Senior Open Meet	2017
OZ CSP 79th summer invitational	2017
USA Swimming Futures Championships (Santa Clara) - Time Trials	2017
Arizona Long Course Open	2017
Arena Pro Time Trials - Mesa	2017
Swim England Winter Champs	2017
FG CSSC Open Invite	2017
MI USSC June Splash Bash	2017
MI SMAC July "Last Chance	2017
Winter Haven Stingrays Rowdy Cup	2017
AZ Beat the Heat Classic	2017
FL TCA H2O Zone Summer Long Course	2017
La Mirada Armada LC Metro Champs	2017
MT HLST Last Chance Invit	2017
CA RMDA La Mirada Senior meet	2017
HI Senior Meet	2017
PV LC Open 1 (PAC)	2017
NJ PTAC Tiger Challenge	2017
OH CM Pepsi Cola Spring I	2017
Spring Long Course Classic	2017
PV OCCS Speedo Spring Splash LC	2017
2017 MI CW July Closed Meet	2017
Fairfax Outdoor Swim Meet	2017
MI JAWS Long Course Challenge	2017
West Pomeranian Grand Prix (Poland)	2017
Pacific Swim A/B All Ages LC Meet	2017
Friday Night Flight(May)	2017
Kingsport Piranhas 2017 Long Course Finale	2017
AZ May Dayz Beach Party Meet	2017
Arena Pro Swim Series - Atlanta Time Trials	2017
CO TOPS Zone 2 District M	2017
MN Wolf LC All About That Race	2017
Arena Pro Swim Series - Austin Time Trials	2017
NC NCAC Quad Meet	2017
CO TOPS TYR Catch Me Open	2017
GU FCST Gulf Open Meet	2017
IN BA SRS LCM TIME TRIA	2017
Coast Aquatics Surf & Swim Classic	2017
Lake Erie LC Age Group Championships	2017
NJ BAC Summer Champs	2017
SI CSA AB All Ages Meet	2017
Gulf Summer Champs - peak	2017
ST NTRO Nitro Distance Me	2017
VA Summer Awards	2017
Lakewood Invite LCM, BRW	2017
Minnesota Regional Championships	2017
MI JAWS First Chance Invi	2017
2018 IE VS Starlight Open	2018
Russian National Championships	2018
FINA Swimming World Cup - Kazan	2018
Phillips 66 Summer National Championships	2018
26th Uster International Swim Meet	2018
TYR Pro Swim Series at Columbus	2018
GA SCAT Atlanta Classic Swim Meet	2018
FINA Swimming World Cup - Doha	2018
TYR Pro Swim Series - Atlanta	2018
USA Swimming Winter National Championships	2018
Swim Cup The Hague	2018
TYR Pro Swim Series - Indianapolis	2018
Speedo Grand Challenge	2018
CA MVN Fran Crippen Memorial Swim Meet of Champions	2018
TYR Pro Swim Series - Austin	2018
TYR Pro Swim Series at Mesa	2018
Canadian Swimming Trials	2018
130. Internationale Deutsche Meisterschaften 2018	2018
Mel Zajac Jr. Internation	2018
The Cup of Moscow	2018
XXIII Juegos CAC-Barranquilla	2018
Southern Zone South Sectional	2018
LEN European Junior Championships	2018
Edinburgh International Swim Meet	2018
CA TROJ Los Angeles Invitational	2018
TYR Pro Swim Series at Santa Clara	2018
SE TNAQ Long Course Invitational	2018
14th Neo Garden Singapore National Swim Championships	2018
Victorian Open Championships	2018
Speedo Champions Series - Mount Hood	2018
Swim BC Senior Open	2018
Canadian Swimming Championships	2018
AON NZ Open Championships	2018
Speedo Junior National Championships	2018
Первенство России среди юниоров / Russian Junior Championships	2018
North Carolina Swimming Long Course Senior Championships	2018
Scottish National Open Championships	2018
YMCA Long Course National Championships	2018
GA ABSC Bulldog Grand Slam	2018
NC MAC Charlotte Ultraswim	2018
Speedo Champions Series - Spire	2018
SE AU Richard Quick Invitational	2018
SE NAC BridgeAthletic Summer Sizzler	2018
SE KP Kingsport Piranhas Long Course Finale	2018
Virginia Swimming Senior Long Course Championships	2018
Speedo Champions Series - Santa Clarita	2018
SE TNAQ Tennessee Invitational	2018
Speedo Champions Series - Iowa City	2018
XXXI CCCAN Swimming Championships	2018
Speedo Junior Nationals Time Trials	2018
AA-AAA Invitation Pointe-Claire Invitational	2018
Swiss Championships	2018
PC WCAB LCM SRII T&F	2018
South African National Aquatic Championship	2018
Pacific Northwest Swimming Senior Long Course Championships	2018
Indiana Senior State Long Course Championships	2018
Singapore National Age Group Swimming Championships	2018
GU KATY Senior Invite	2018
KY CARD Derby Pro Invite	2018
GU AGS Texas Senior Circuit Long Course	2018
Speedo Champions Series - Gainesville	2018
KY CARD Cardinal Aquatics Summer	2018
Swim Canada Junior Championships	2018
Belograd April Grand Prix	2018
Speedo Champions Series - Austin	2018
Potomac Valley Senior Championships	2018
USA Swimming Futures Championships (Santa Clara)	2018
Irish Summer National Championships	2018
New Zealand Age Group Championships	2018
2018 DOP	2018
WI LAKE Western Great Lakes Open	2018
USA Swimming Futures Championship (Richmond)	2018
Arizona Long Course Senior Open Championships	2018
2018 OH OSSC Spring into Summe	2018
Speedo Champions Series - North - Buffalo	2018
Speedo Champions Series - Jenks	2018
Georgia Senior State Long Course Championships	2018
CARIFTA Swimming Championships	2018
Montenegro Open	2018
PN KING Fifth Annual Mark Prothero LC Open	2018
NC ATOM April LC Friday Night Charlotte	2018
Speedo Champions Series - Pleasant Prairie	2018
Sommer-Schweizermeisterschaft	2018
Otvoreno Srbije (Serbian Open)	2018
Ontario Spring Provincial	2018
Connecticut Swimming Senior Long Course Championships	2018
NCSA Summer Swimming Championship	2018
AM TPIT Junior Olympic	2018
USA Swimming Futures Championships (Cary)	2018
Western Canadian Championships	2018
OZ CSC Summer Invite	2018
ST AAAA Northside George Block Invitational	2018
VA NOVA Winter LC Invite	2018
AUSC REGION 5 GAMES	2018
Speedo Eastern Canadian Championships	2018
South Africa National JNR Age Group Championship	2018
Hawaiian Swimming Senior Long Course Championships	2018
Meeting National de Mulhouse	2018
KY LAK 90th Ohio valley Championship	2018
Florida Gold Coast Senior Long Course Championships	2018
MN MFLY Quad Meet June 9	2018
NT MARS Bill Nixon Memori	2018
MI CW Eric Namesnik Memorial Invitational	2018
Bahamas National Championships	2018
Connecticut Age Group Championships	2018
SI CSA TYR Splash & Dash Meet	2018
PV SNOW LC Invitational	2018
Colorado Swimming Senior Long Course Championships	2018
UANA Swimming Cup	2018
American Long Course Championships	2018
Minnesota Swimming Senior Long Course Championships	2018
ST TXLA 11&Over Long Course Kick Off	2018
Christmas Cup	2018
NJ HACY Summer Solstice	2018
NJ EEX Jeffrey S Mace Memorial Summer	2018
ST TXLA Longhorn Aquatics 11 & Over	2018
Wisconsin Swimming 13 & Over Long Course State Championship	2018
Nunawading Long Course Meet	2018
Middle Atlantic Senior Long Course Championship	2018
HI Senior Meet	2018
Southern California Swimming June Age Group Invitational	2018
Southeastern Long Course Championship	2018
National Open Championships	2018
IA L4A Swim Pink A+ Invitational	2018
Challenge Escalad'Eau	2018
OH CM Pepsi Cola Spring Invite	2018
FG NPB Summer Kickoff	2018
Oklahoma Swimming State Long Course Championship	2018
Illinois Swimming Senior Long Course Championships	2018
CA MVN Summer JO's	2018
AM TPIT Eric Namesnik Memorial Sw	2018
Georgia Open	2018
ISCA Summer Senior Championship	2018
FL YCF Summer Solstice Invitational	2018
ISCA TYR Summer Senior Championship	2018
Metropolitan Senior Championships LCM	2018
NC GSA Eastern Invitational	2018
AZ MAC Speedo Invitational	2018
OH SYOSL League Championships	2018
NT DM Senior Circuit #1 L	2018
SN CCA Summer Sanders Long Co	2018
Olimpiada Nacional Curso Largo	2018
Utah Swimming Long Course Championships	2018
SE XCEL Excel Invite	2018
Southern Zone Senior Championships	2018
Race Days	2018
42nd SEA AGE GROUP Swimming Championship	2018
Iowa Swimming Long Course Championships	2018
Western Zone Senior Championships	2018
NTS Championships	2018
NC NCAC Meet on the Hill	2018
AZ PSC Phoenix Summer Invitational	2018
Patana Feeding Frenzy	2018
NJ BAC Memorial Day Meet	2018
CO CAC CSI Long Course Open	2018
Eastern Senior Zone Championship	2018
Florida International Swimming Championships	2018
MD RAC Sandbox Invitational	2018
Florida Swimming Senior Long Course Championships	2018
Kentucky 13 & Over State Long Course Championship	2018
OPTUS Victorian Age Championships	2018
Gulf Senior Champs	2018
NT LAC Fall Classic	2018
Black Sea Cup	2018
SE GPAC Tom Lalor Invitat	2018
USA Swimming Futures Championships (Rochester)	2018
PC OAPB Far Western LCM Championships	2018
CA TIGR Aquatics Memorial Day AGO	2018
MN STRM Storm Spring Invi	2018
Oregon Swimming 11 & Over Championships	2018
2018 DLOP Starsha	2018
GU CFSC Gulf May Open	2018
AZ SAC Cactus Classic	2018
FG FLA International Cup	2018
CA RMDA Armada April Senior Meet	2018
LE LESD Jerry Holtrey Summer Invitational	2018
Aquabear Invitational Meet	2018
Montana Summer Long Course Championships	2018
26.Medjunarodni plivacki miting " Memorijal Ante Lambas"	2018
FL DBS Summer Invitational	2018
LE TT Speedo Sectional Time Trials	2018
Mako Aquatics Club & ALIV Fall	2018
VA PSDN Long Course Spring Luau	2018
Metropolitan Swimming Long Course Junior Olympics	2018
RZW: Regionale Meisterschaften	2018
Michigan Swimming 13-14 & Open Long Course State Championship	2018
CA MVN Day after CIF Meet	2018
NTS Prestige Gala	2018
LE GLSS Robert F. Busbey Invitational	2018
PV NCAP June LC Meet	2018
CA RAA Summer Junior Olympics	2018
MR LIAC Speedo Long Island Challenge	2018
MI EGRA Calvin Summer Classic	2018
CA MVN Bill Rose Classic LCM Championship	2018
CA BUEN SCS June Age Group Champs	2018
FG SFTL International Classic	2018
North Carolina Long Course Age Group Championships	2018
CA GWSC Senior Regional Championships[s	2018
NJ BAC Cerave Long Course Invitational	2018
OR THSC Spring Invitational	2018
OZ EDWY John Traube Memorial Invitational	2018
Officially Summer Invitationa	2018
Louisiana 13 & Over Long Course State Championship	2018
VA HOKI May Invitational	2018
FG CSSC Coral Springs Invitational	2018
CT GRYM June Invitational	2018
Swiss Junior and Youth Championships	2018
PSW Winter Invitational	2018
Summer SuperLeague LC	2018
CC TNT Spring LC ABC Age Group	2018
OR BEND Sun Country Invitational	2018
OZ CFAC LC Kickoff	2018
GU AGS Aggieland April Long Cour	2018
South Carolina Swimming Long Course State Championship	2018
VA CGBD Summer Madness LC Invitation	2018
MD NBAC Long Course Championship	2018
NT LAC Division 1 BB and	2018
NTS September 2018 Age Group Gala Level 3+	2018
OH PHST LC Senior Meet	2018
FG POMP Jesse Vassallo Invitational	2018
Hawaiian Swimming Age Group Long Course State Championships	2018
OR CAT Comfort Suites Open	2018
2018 SV National Preparation M	2018
European Championships	2018
TYR Pro Swim Series - Atlanta Time Trials	2018
HI 70th ANNUAL KEO NAKAMA	2018
ST AAAA Sr Circuit LCM Ch	2018
FL CAT Al Soltis Memorial Meet	2018
SE MCC Chattanooga UltraSwim Open	2018
OR MHA Howard Jones Memorial Senior Meet	2018
Selectivo Sudamericano Juvenil	2018
MN Wolf LC All About That Race	2018
FL SYS Sarasota Sharks Open	2018
Florida Age Group Championships (FLAGS)	2018
Tigersharks Trick Or Treat Invitational	2018
Eastern Ontario LC Region	2018
FL 813 Invitational Swim Meet	2018
2018 Spartak	2018
South Dakota Swimming Long Course Championships	2018
MD NAAC Carol Chidester Elite LCM Meet	2018
MT MAC Firecracker	2018
NJ SCAR Scarlet Heat Madness	2018
CA RMDA La Mirada June Invite	2018
Potomac Valley Maryland State LC Meet	2018
GU SPA Gulf May LC Meet	2018
Florida Gold Coast Junior Olympics Long	2018
MD NBAC Spring LC Invitation	2018
Southern Zones Age Group Championship	2018
IA CRAA Long Course Kick Off	2018
Fairfield XLR8 Meet	2018
UT CHAT Cottonwood Heights Invitational	2018
VA BASS Jim Fry Memorial Invitational May	2018
San Diego-Imperial Long Course Junior Olympic Championships	2018
Neptune Queens Birthday Meet	2018
New Jersey Swimming Long Course Junior Olympics	2018
Ohio Swimming Junior Olympics	2018
CA SMSC Summer JO's	2018
MD RAC Abby Seeger Memorial Meet	2018
FL CAT Escape the Heat	2018
Niagara Swimming Long Course Championships	2018
All-American Memorial Day Clas	2018
1st International Teuta Cup	2018
ST TXLA Long Course TAGS	2018
GU TWST Gulf Open Meet	2018
Middle Atlantic Junior Olympic Long Course Championships	2018
MR LIAC Spring Kick-off Invitational	2018
KAJ Snowfest	2018
SC SAND Cinco de Mayo Invite	2018
Eastern Zone Age Group Championships	2018
FL SYS Memorial Meet	2018
NC NCAC Tarheel States Long Course Invitational	2018
Maryland Swimming Long Course Championships	2018
Central Zone Championship (Geneva)	2018
Indiana Age Group Long Course Championships	2018
New England Senior Championships	2018
NJ PTAC Tiger Challenge	2018
May LC Invitational	2018
ST TXLA Texas Open	2018
FL PA Long Course Invite	2018
NJ PAC Meet of Xcellence	2018
FL WFLA Spring Open	2018
KY KYA Derby Classic Invitat	2018
Illinois Swimming Age Group Long Course Championships	2018
IA David Armbruster Open	2018
PC WEST Pacific Swimming LC Senior Open	2018
Connecticut Swimming Age Group Long Course Championships	2018
MR LIE May Extravaganza	2018
FG MACM Long Course Invitational	2018
MI PCC cruisin into summer	2018
PV MACH Long Course Classic	2018
SE MTS Dick Fadgen Invitational	2018
FL BSS May Meet	2018
NT MAC North Texas Senior Meet	2018
MW LSS Capital City Class	2018
NI STAR Late June LC Meet	2018
South Texas Age Group Championships (STAGS) - Long Course	2018
MR COND Summer Solstice Invitational	2018
PC OAPB Adam Szmidt Memorial 14&U	2018
FL IRSC Dr. Aspi Doctor Memorial Invite	2018
2018 SEOWV Summer Championship	2018
Bank of Tennessee Model City Invitational	2018
NC TAC vs YOTA Dual Meet	2018
GO Kingfish Polar Plunge	2018
Arizona Long Course Age Group State Championships	2018
VA 757 Swim Spring Splash	2018
Illinois YMCA State Long Course Championships	2018
FL CFM Marlin May Meet	2018
OR MAC Long Course Invitational 2	2018
Gulf Swimming Long Course Championships	2018
Potomac Valley Junior Championships	2018
NJ BAC Summer Champs	2018
2018 Summer Slam Champs	2018
SI SBA AB All Ages Meet	2018
SR BY Boise Y Spring Fling	2018
SD Scheels Independence Day Invite	2018
NT LAC Div 1 BB & Above Long	2018
2018 Cripps LC Age, Open & 11U	2018
AZ LJAX Beat the Heat	2018
FG T2 Aquatics Norris Foundation Meet	2018
GU FCST June Gulf Summer Splash	2018
VA STAT LC Invitational	2018
OH BGSC Summer Invite	2018
MT HLST Last Chance Invit	2018
GA ASL 49th Annual Junior Jaguar Invitational	2018
PC SRVA LCM C/B/A+	2018
CA PST BRW Memorial Day Meet	2018
OK P66 Splash Club Stars of Summer	2018
NI STAR June Kick Off Meet	2018
ST ASC Castaway Classic	2018
WT COM Frost Bank Invitational	2018
VA NOVA South Freedom Splash	2018
MA LAC Speedo Classic	2018
FG GRSC Summer Invitational	2018
MT BOZ May Classic	2018
CA CSCA May BRW	2018
MI OLY Summer Classic	2018
LA TAQ Christmas Meet	2018
MR LIAC Summertime Classic	2018
GU FCST Summer Splash	2018
2018 IN JAGS Summer Invite	2018
PV FISH Spring Fever LC Invitational	2018
Lake Erie Swimming Senior Long Course Championships	2018
Campeonato Nacional Inter Clubes	2018
MI DRD Freeze or Fry	2018
CA SAND Sandpipers Firecracker Invitational	2018
CO TOPS Hilltopper Invite	2018
BSF Last Chance Meet	2018
2nd Age Group Meet	2018
Ozark Swimming Long Course Championships	2018
Adirondack Swimming Long Course Championships	2018
CO Grand Junction Invite	2018
SC YSSC 9th Annual YSSC LC Summer Splash	2018
SI MRA Manta Ray Senior Meet	2018
PNS 14&U Long Course Cham	2018
NM LCAT Suntan Classic	2018
PN IST Spring Open A-3 Me	2018
GU SPA May LC Meet	2018
NJ BAC Spring Invite	2018
Gippsland Championships	2018
CO Suburban League Pentat	2018
X. Scitec Gyõr Open	2018
NJ MAY Bring The Heat	2018
Team Orca 7th Annual Winter In	2018
NC SAIL Sailfish summer splash	2018
AM TPIT Dan Mazzei Meet	2018
MSF	2018
TYR Spring Classic Closed	2018
VIII Leskovacki Pobednik	2018
NJ BAC April Splash & Dash	2018
Saint Louis Showcase	2018
OR CRST Big Wave Decathlon	2018
NC WAVE Sprint into LC	2018
LA TAQ Spring Invitational	2018
NC YBAC Spring LC Invitat	2018
Betsy Dunbar Long Course Invit	2018
NT MTRO LC Time Trial Extravaganz	2018
MR COND May Meters Matter Invitational	2018
CA LKWD Lakewood Aquatics April L	2018
CCAA-CEM Spring Long Course Un	2018
FL WIN Winter Haven Stingrays Rowdy Cup	2018
MI DRD Stars and Stripes Swim	2018
Dolphin Swim Club Fall invitat	2018
PV PAC Dive into Spring LC	2018
Arizona Long Course Open	2018
NI TTSC Natalie Lewis Spring Invitational	2018
Potomac Valley 14&U Championships	2018
NC STAR April Friday Night At The Races	2018
MR AGUA Memorial Day Invitational	2018
CT BULL Silver Invite	2018
PC SCSC Santa Clara Walk On Meet	2018
Family Guardian Barracuda Invitational	2018
Friday Night at the Races #3	2018
Miami Spring Meet - Transition Meet	2018
AZ PSC Phoenix Spring Invitational	2018
OK KMSC Spring Twister	2018
NC QCD Long Course Invitational	2018
OR THSC Summer Classic	2018
MA NLAC Summer Kickoff	2018
2018 OH PHST Jill Griesse Memo	2018
18th FINA World Championships	2019
FINA World Cup - Singapore	2019
FINA Champions Swim Series	2019
FINA World Cup - Jinan	2019
CA MVN Fran Crippen Memorial Swim Meet of Champions	2019
Чемпионат России Championship of Swimming in Russia	2019
FINA World Cup - Tokyo	2019
Panamerican Games	2019
TYR Pro Swim Series - Richmond	2019
Polish National Championships	2019
LEN European Junior Championships	2019
Phillips 66 Summer National Championships	2019
SA National Aquatic Championship	2019
TYR Pro Swim Series - Des Moines	2019
7th FINA World Junior Championship	2019
TYR Pro Swim Series - Bloomington	2019
Polish Cup Arena Grand Prix	2019
TYR Pro Swim Series - Knoxville	2019
2019 Malmsten Swim Open Stockholm	2019
Phillip 66 National Time Trials	2019
SE AU Richard Quick Invitational	2019
GA ABSC Bulldog Grand Slam	2019
Southern Zone South Sectional	2019
Southern Zone South Sectional Championships	2019
SwimCup Eindhoven	2019
TYR Pro Swim Series - Clovis	2019
PC PASA-BAC Dual	2019
Long Course Turkish championship	2019
ARENA Grand Prix de Natación S	2019
2019 Canadian Swimming Trials	2019
2019 Aon New Zealand Open Championships	2019
CA GWSC Golden West Senior Meet	2019
Diamond Speedo Race	2019
German National Championships Deutsche Meisterschaften	2019
Flanders Swimming Cup	2019
SE ENSW Ensworth July Invitational	2019
GA SCAT Atlanta Classic Swim Meet	2019
AZ MAC Speedo Invitational	2019
Middle Atlantic Senior Long Course Championship	2019
37. Internationales Hi-Point Meeting	2019
27e MISO	2019
Speedo Grand Challenge	2019
SI CSA TYR Splash & Dash Meet	2019
Liberty Insurance Singapore National Age Group Swimming Championship	2019
Speedo Champions Series - Greensboro	2019
Campeonatos Nacionais Juvenis e Absolutos de Portugal	2019
TYR Pro Swim Series - Richmond Time Trials	2019
Multination Junior	2019
Neo garden 15th Singapore National Championship	2019
North Carolina Swimming Long Course Senior Championships	2019
Speedo Junior National Championships	2019
CA TROJ Los Angeles Invitational	2019
Irish Open LC Championships	2019
2019 RBC Canadian Swimming Championships	2019
Langbahn-Schweizermeisterschaft	2019
Speedo Champions Series - Gainesville	2019
New Zealand Age Group Championships	2019
Speedo Eastern Canadian Championships	2019
CCCAN Championships	2019
Speedo Champions Series - Southern - College Station	2019
Mel Zajac Jr. International Swim Meet	2019
Bulgarian Open Team Championship	2019
4. Velika nagrada Slovenije in MM Pingvinček`19	2019
ST TXLA 11 & Over End of School Splash	2019
Speedo Champions Series - Santa Clarita	2019
Irish Summer Nationals	2019
GU AGS Texas Senior Circuit Long Course	2019
Speedo Champions Series - Austin	2019
Otvoreno prvenstvo Srbije	2019
Grand Prix - Macedonia	2019
Victorian Open Championships	2019
CSi SOSC Qualifying Meet	2019
Pacific Northwest Swimming Senior Championships	2019
Letnje prvenstvo Srbije za juniore i apsolutno (Serbian Summer Nationals)	2019
ST TXLA 11&Over Long Course	2019
6. Int. Innsbrucker Schwimmmeeting	2019
Campeonato Nacional Open de Natacion	2019
2. Internationler Umblin Swim Cup Schwimmclub Frauenfeld	2019
USA Swimming Futures Championships (Des Moines)	2019
100. Eesti Meistrivõistlused ujumises	2019
Speedo Champions Series - Minneapolis	2019
16e Meeting Lemanique	2019
Arizona Long Course Senior Open Championships	2019
Santa Clara International	2019
Potomac Valley Senior Championships	2019
Minnesota Swimming Senior Long Course Championships	2019
Georgia Open	2019
NC MAC Charlotte Ultraswim	2019
X Meeting Internacional da Povoa de Varzim	2019
Slovak National Swimming Championship	2019
Indiana Senior State Long Course Championships	2019
AZ SAC Cactus Classic	2019
PC WCAB Senior II Meet	2019
YMCA Long Course National Championships	2019
NC TAC TYR Triangle Classic	2019
USA Swimming Futures Championships (Mount Hood)	2019
Speedo Champions Series - Indianapolis	2019
Первенство России среди юниоров / Russian Junior Championships	2019
NJ EEX Jeffrey S Mace Memorial Summer	2019
Easter International Swim Meet 2019	2019
Campeonato Nacional de Natacion	2019
MA BUCK Bucknell Long Course Classic	2019
SM/Para-SM/JSM (50m) 2019	2019
South Carolina Swimming Long Course State Championship	2019
Speedo Champions Series - Cleveland	2019
Sectional Time Trials - Rutgers	2019
NCSA Summer Swimming Championship	2019
Wisconsin Swimming 13 & Over Long Course State Championship	2019
OH PHST Ohio Swimming Senior Championships	2019
AM TPIT Eric Namesnik Memorial Sw	2019
Louisiana State 13 and Over Championships	2019
ST TXLA Longhorn New Year's Classic	2019
2019 West Michigan Classic	2019
New Jersey Swimming Long Course Junior Olympics	2019
IA L4A Swim Pink A+ Invitational	2019
Championnats de France Juniors	2019
Virginia Swimming Senior Long Course Championships	2019
Southern Zone Senior Championships	2019
XXXIV Carifta Swimming Championships	2019
MR LIAC Spring Kick-off Invitational	2019
MI CW Eric Namesnik Memorial	2019
Southeastern Long Course Championship	2019
Speedo Champions Series - Mount Hood	2019
2nd Annual St. Louis Showcase	2019
PC OAPB Far Western LCM Championships	2019
HP Australian Age Championships	2019
Letnie Mistrzostwa Polski juniorów 16-year-olds	2019
Selectivo XVIII Juegos Panamericanos, 18FINA World Swimming	2019
DM/JDM 50m Karlshamn	2019
Georgia Senior State Long Course Championships	2019
FL BSS TYR Summer Classic	2019
AZ PSC Phoenix Summer Invitational	2019
Bahamas National Championship	2019
Speedo Champions Series - Jenks	2019
40. Internationales TUK-Turnier 2019	2019
OH BGSC Summer Invite	2019
Illinois Swimming Senior Long Course Championships	2019
New England Senior Championships	2019
ManSask LC Provincial Championships	2019
Michigan Swimming 13-14 & Open Long Course State Championship	2019
Sun Devil Spring Open	2019
OR MHA Howard Jones Memorial Senior Meet	2019
Miami Super Challenge	2019
Íslandsmeistaramótið í 50m lau	2019
2019 Spring Ontario Swimming Championships	2019
Speedo Champions Series - Rutgers	2019
FL YCF Summer Solstice Invitational	2019
Colorado Swimming Senior Long Course Championships	2019
ISCA TYR Summer Senior Championship	2019
Sommer-Schweizermeisterschaft	2019
Lake Erie Senior Championships	2019
11. April Grand Prix 2019	2019
USA Swimming Futures Championships (Greensboro)	2019
XV Copa Julio Maglione 2019	2019
ISCA TYR Junior Nationals	2019
CA MVN Day-After-CIF	2019
Singapore Swim Series	2019
British Columbia Summer Provincial Championships	2019
2019 MV LCM Championships	2019
Finals - Arena Western Zone Series	2019
Slovenian Championships / Odprto prvenstvo Slovenije	2019
SA Junior National Championships	2019
Speedo Champions Series - Buffalo	2019
Coupe du Québec Été	2019
USA Swimming Futures Championships (Geneva)	2019
48ème Meeting Swann Oberson	2019
Justas de Campeonato LAI 2019	2019
South Dakota Swimming Long Course Championships	2019
Baltic States Swimming Championships 2019	2019
NC GCY LC Single Day Splash	2019
OZ CSC Summer Invite	2019
NC HPSC Tar Heel States Meet	2019
2019 CA FAST SUMMER JOS	2019
Utah Swimming Long Course Championships	2019
PV NCAP June LC Invitational	2019
Florida Gold Coast Senior Long Course Championships	2019
OH SYOSL League Championships	2019
CA MVN Summer Junior Olympics	2019
AZ PSC Phoenix Last Chance	2019
KY CARD Derby Pro Invite	2019
Connecticut Swimming Senior Long Course Championships	2019
Metropolitan Senior Championships	2019
Speedo Western Canadian Championships	2019
CA NOVA June Age Group Invite	2019
2019 Summit Long Course Invite	2019
V Dominican Republic Int. Swim	2019
33. Internationale Deutsche Meisterschaften	2019
2da Clasificatoria LC LAI 2019	2019
USA Swimming Junior National Time Trials	2019
35 Meeting Internacional do Porto	2019
APS Boys' Combined Swimming	2019
NT MARS Bill Nixon Memori	2019
VA LY June Jam	2019
48. Meeting Internazionale del Castello	2019
Para World Series Singapore	2019
CA SCSC Superleague Santa Clara	2019
FL CAT Al Soltis Memorial Meet	2019
Campeonato Nacional Abierto	2019
CA WCAB Post-NCS Senior LCM	2019
Ljetno Prvensvo Republike Srpske	2019
WI LAKE Western Great Lakes Open	2019
MI OLY Summer Classic	2019
GU TWST Senior LC Invite	2019
DLOP Starsha	2019
SCUW Clubmeisterschaften	2019
Open Lithuanian Junior-Youth Championships	2019
43rd South East Asia Group Swimming Championship	2019
SE NAC BridgeAthletic Summer Sizzler	2019
Championnats Speedo - FFBN OPEN	2019
Hawaii Long Course Senior Championship	2019
LE LESD Jerry Holtrey Summer Invitational	2019
FL ATAC Long Course Invitational	2019
San Diego-Imperial Long Course Junior Olympic Championships	2019
KY LAK 91st Ohio Valley Championship	2019
VA CGBD Summer Madness LC Invitation	2019
2019 Grand Prix Invitational	2019
GU TWST Senior Open Meet	2019
Florida Swimming Senior Long Course Championships	2019
Eastern Senior Zone Championship	2019
Eastern Zone Senior Championships Time Trial	2019
XXVII Campeonato Sudamericano Juvenil Natacion	2019
Первенство России среди юношей и девушек / Russian Age Group Championships	2019
XXXIX Copa Pacifico	2019
SE BAY Arena Long Course Invitational	2019
Eesti Juunioride ja Noorte meistrivõistlused	2019
FG SFTL International Classic	2019
OH CM TYR Invite	2019
16. Holiday Trophy 2019	2019
UT CHAT Cottonwood Heights Invitational	2019
SI NCA Senior Time Trial	2019
NE NSSC LCM Specialty Meet at MIT	2019
Swim BC Winter Provincial Championships	2019
MA GPAC May Closed Invitational	2019
FL YCF Short Course Splash	2019
Maryland Swimming Long Course Championships	2019
Kentucky 13 & Over State Long Course Championships	2019
PN TSC Sixth Annual Dick Hannula Invitational	2019
Hawaiian Swimming Age Group Long Course State Championships	2019
Scottish National Age Group Championships	2019
Miami Spring Meet	2019
VA PSDN Long Course Spring Luau	2019
LH-Games 2019	2019
NJ BAC Winter Invite	2019
NC NCAC Meet on the Hill	2019
AR HAWG Aquahawgs LC Opener	2019
NT DM Senior Circuit #1 LCM	2019
Black Sea Cup - Second Edition	2019
Laxaleken	2019
2019 CO TOPS Hilltopper Invite	2019
CA RMDA La Mirada Senior LC Invitational	2019
ST TXLA Texas Open	2019
S'pore Swim Series Presented	2019
Lentecriterium	2019
MI MLA Big Red Challenge	2019
DM 2019 Långbana	2019
Lake Erie Swimming Senior Championships	2019
Sum-Sim (50m) 2019	2019
Multinationals Youth cup 2019	2019
2019 MV UMIZ Invite	2019
Grand Prix International de la ville de La Louvière 2019	2019
MR LIAC Speedo Long Island Challenge	2019
Bulgarian Open Championship	2019
FG NPB Summer Kickoff	2019
47° Meeting Internazionale del Verbano	2019
SNS LCM Championship "The Bill Rose Classic"	2019
WI SWAT Summer Grand Prix	2019
WI PX3 Speedo Premier Open - Wisconsin	2019
MD NBAC Long Course Championship	2019
Letnie Mistrzostwa Polski Juniorow / Polish Juniors 15 & Under	2019
AM LC TPIT Junior Olympic Championships	2019
Victorian Metro Long Course Championship	2019
PC PLS Senior Open	2019
Letnja liga Beograda / Belgrade Summer League	2019
SN CCA Summer Sanders LCM Invitational	2019
FL SYS Sarasota Sharks Open	2019
NC GSA Eastern Invitational	2019
VA 757 Swim Spring Splash	2019
2019 NSW State Open Championships	2019
IN IA Summer Spectacular	2019
Rencontres Genevoises 2019	2019
IV Tournament Spartak	2019
Grand Prix Burgas	2019
Iowa Swimming Long Course Championships	2019
NJ SCAR Scarlet Memorial Day	2019
Speedo Sectionals - Rochester	2019
2019 Swimming Tas LC Age, Open	2019
NC EAC Independence Invitational	2019
ST TXLA Long Course TAGS	2019
Campionati Ticinesi di Categoria Estivi 2019	2019
CA PLS Pleasanton Seahawks Long Cours	2019
Auckland Age Group Championships	2019
ST AAAA Senior Circuit LC	2019
Midwestern Swimming Long Course Championships	2019
MD NBAC Mid-Summer Classic	2019
FL CAT Spring Florida International	2019
GU FCST Gulf Summer Champs	2019
VA NOVA LC Winter Invitational	2019
FL International Championships	2019
2019 Sydney Open	2019
Junior Swiss Championship / Nachwuchs-Schweizermeisterschaft	2019
CC CLOV Arena Grand Challenge	2019
Meeting du Lac 2019	2019
NC YBAC Spring LC Invitat	2019
CT WYW Wilton Wahoos Summer Invitational	2019
CA SCSC Senior Walk On	2019
CA LVSC BRW JAG LC Qualifier	2019
CA GWCA Senior Regional Championships	2019
MD NBAC Spring LC Invitation	2019
OH CAC 24th Annual CAC Summer Meet	2019
FL CAT Escape the Heat Meet	2019
2019 PV RMSC Spring LC Classic	2019
PS PLS Pleasanton Seahawks Long Course Invitational	2019
BISP Flying Fish Invitational	2019
VA SNOW Long Course Invitational	2019
2019 Stars and Stripes	2019
CT WHAT West Hartford Aquatics Invite	2019
CA RMDA La Mirada June Invite	2019
Indiana Age Group Long Course Championships	2019
Arizona Long Course Age Group State Championships	2019
MN AQJT Aquajets Summer Invitational	2019
NI STAR June Kick Off Meet	2019
Illinois Age Group Championships	2019
CA RAA Summer Junior Olympics	2019
CA SLO Firecracker	2019
Championnats Speedo - FFBN Jeunes	2019
Первенство города Абакана, посвященное "Дню Победы в Великой Отечественной Войне"	2019
MA JW Jersey Wahoos Summer Solstice	2019
CT WAC Woodbridge Aquatic Club Invitational	2019
NJ BAC Memorial Day Invitati	2019
MLC Aquatic February Long Course	2019
MD EST Eagle Swim Team Speedo Sizzler	2019
Western Zone Age Group Championship	2019
LE WRSC 51st Freedlander Meet	2019
Malta Championships	2019
Niagara Swimming Long Course Championships	2019
VA BASS Jim Fry Memorial Invitational May	2019
VA TIDE Speedo Red, White and Blue	2019
CA DSS Memorial Day Invite	2019
MR COND Summer Solstice Invitational	2019
3rd Latvian Junior and Youth Championship	2019
2019 SwimRVA Summer Invitational	2019
FL T2 Aquatics Norris Foundation Meet	2019
FG FLA International Cup	2019
Oklahoma Swimming Long Course Championship 2019	2019
1ra Justa Clasificatoria LAI 2	2019
Oregon Swimming 11 & Over Championships	2019
Slovak Junior Championships Majstrovstvá SR juniorov	2019
Mississippi Swimming State Championships	2019
Middle Atlantic Junior Olympic Long Course Championships	2019
Central Zone (ND) Age Group Championship	2019
PV FISH LC Derby	2019
North Carolina Long Course Age Group Championships	2019
MV EKC Rose Memorial	2019
CA BUEN SCS June Age Group Champs	2019
MN HURR Spring into Summer	2019
Eastern Zone Age Group Championships	2019
SE ENSW Ensworth Officially Summer Invitational	2019
Arena Open /NM	2019
UT KYAT Swim Utah Dino Meet	2019
KY KYA Derby Classic Invitat	2019
3ra Clasificatora LC LAI	2019
Central Zone (WI) Age Group Championship	2019
FL WFLA Spring Open	2019
South Texas Age Group Championships (STAGS)	2019
MR PATS Patriot Spring Invitational	2019
Santa Clarita Sectional Time Trials	2019
CA CANY Canyons Aquatic Club Memorial Day Meet	2019
CT WHAT June Invitational	2019
2019 VSI Long Course Age Group	2019
IA IFLY David Armbruster Open	2019
Ozark Swimming Long Course Championships	2019
PVS Long Course 13 & Over Championships	2019
VA TIDE wipe out speedo challenge	2019
PC QSS Super Last Chance Meet	2019
DM/JDM 2019	2019
PC RENO Summer Splash	2019
5. Int. Rheinfallmeeting - Arena Cup	2019
SI SBA National BB Min Al	2019
NT MAC "BB" and lower long course meet	2019
NT MAC North Texas Senior Meet	2019
FL CFM Marlin May Meet	2019
OR MAC Long Course Invitational	2019
PC TERA LCM JO's	2019
AZ MAC Narwhal Invite	2019
CO MAVS Grand Junction Invite	2019
MA KA Memorial Classic	2019
VA WAC Summer Sizzle	2019
LE GLSS Robert F. Busbey Invitational	2019
CO CAC Long Course Open	2019
PV Fish LC June Invitational	2019
GU FCST June Gulf Summer Splash	2019
Campionati Ticinesi e Regionali di Categoria di Mezzofondo	2019
Southern Zones Age Group Championship	2019
FL WFLA Lightning Invitational	2019
ROS Meisterschaften RM Sommer 2019	2019
2019 GCST Spring Open	2019
IA ACAC Summer Detasseler	2019
Arizona Long Course Open	2019
IL PAC Patriot Pride Prelim/Final	2019
WT COM Frost Bank Invitational	2019
Florida Gold Coast Junior Olympics Long Course	2019
2019 Sunshine State Games	2019
PC CARS Intermountain Classic	2019
2019 MV TSA Voorhees-Maxfield	2019
FL BSS 50	2019
PN IST Spring Open A-3 Me	2019
CT GRYM June Invitational	2019
AD SHRK Sharks Invitational	2019
OH CLPR DAVID WEBB	2019
MR LIAC Summertime Classic	2019
FS BSS Bolles School Sharks May	2019
NT MARS Open LC Invitational	2019
5th Annual Karen Hohne Memorial	2019
Ohio Swimming Junior Olympics	2019
2019 GU Bay Area Invitational	2019
NJ HACY Jeff Lowe Summer Fun Meet	2019
FL SYS Sharks Long Course January Inv	2019
CT CDOG June Distance Meet	2019
MV TSA Beach Bash at Blaisdell	2019
AD Long Course Champs	2019
MA NLAC Swimfest Long Course	2019
DLOP Mladsha / Bulgarian Junior Championships	2019
RZO: Regionale Sommermeisterschaften 2019	2019
2019 Alpha Aquatics Internatio	2019
50. Lučkin pokal 2019	2019
Dragons Den International Open	2019
WI FSC Fond du Lac Swim Club SOS	2019
Mako Aquatics Club Spring Invitational	2019
CO TOPS Long Course Tri M	2019
VA STAT LC Invitational	2019
SEASAC Senior Swimming Championship	2019
Finis Cup	2019
TYF ULUSLARARASI MASTERLAR KIŞ YÜZME ŞAMPİYONASI	2019
IL LFSC Daniel Jaekel Friendship Classic	2019
RSR: Championnat Romand Eté	2019
NJ HACY Summer Solstice	2019
WI SSTY Schroeder Distance-Sprint Meet	2019
New Years Invitational	2019
X Copa Internacional Chorotega	2019
SC LSC Carolina Crown Challenge	2019
Prairie Winter International 2	2019
Landsbankamót 13 ára og eldri (National 13&Under)	2019
KAJ Snowfest	2019
29th Centralised SSPA	2019
TYR Pro Series Swim Time Trials	2019
OH BASH PCY Summer Classic	2019
IN FAST Summer Jam Invitational	2019
Western Zone Time Trials	2019
Mega Swim Meet	2019
AZ RIO LC Season Opener	2019
MD CBAC Spring LC Swim Meet	2019
GA SCAT Summer Sizzler	2019
MN MTKA Spring Long Course	2019
MR LIE June Summer Kickofff	2019
MW LSS Capital City Class	2019
2019 PN Dick LaFave A-1 Meet	2019
Polisen HEAD Summer Cup 2019	2019
Internationaler Basler Cup	2019
VA NOVA South Freedom Splash	2019
FG CSSC Coral Springs Invitational	2019
MI YPSI Aqua Splash and Dash	2019
International Bavarian Summer Championships	2019
OH GTAC Holy Toledo Invitational	2019
ST ASC Coup de Gras	2019
Long Course Bison Sprint/	2019
Alaska Long Course Championships	2019
GU ESCA Gulf June Long Cours	2019
NE NSSC Team Specialty at MIT	2019
NT ATAC Long Course A/BB/	2019
CA ORCA Summer Sizzler TF	2019
June Jubilee	2019
48. Internationales Eulach-Meeting	2019
GU ESCA Gulf May LC Meet	2019
NTS February Age Group Championships	2019
Färsingadoppet 2019	2019
IN BBSC Summer Splash	2019
3rd Annual Lyford Cay invitati	2019
IL WEST TYR Dive into Summer	2019
FL EAJ Summer Sizzler	2019
SE NAC All American Spring Classic	2019
UT SUSA LC Kickoff	2019
PV Early Bird LC Invitational	2019
